{"cameraMode":{"drawMode":0,"name":"Shaded","section":"Shading Mode"},"sceneLighting":true,"audioPlay":false,"sceneViewState":{"showFog":true,"showMaterialUpdate":false,"showSkybox":true,"showFlares":true,"showImageEffects":true,"showParticleSystems":true},"in2DMode":false,"pivot":{"x":19.280920028686525,"y":20.66840171813965,"z":25.141769409179689},"rotation":{"x":0.11060473322868347,"y":-0.2701326310634613,"z":-0.03125504031777382,"w":-0.9559397101402283},"size":61.57344055175781,"orthographic":false}